email,password,role
admin@example.com,k_6YDOcYQpV3Df,ADMIN
victorthomas@example.com,eK*cBphzbID2,CUSTOMER
mandy91@example.org,^q*^A1KC9hz!,CUSTOMER
georgelouis@example.com,CvjL1@OfM@z2,CUSTOMER
probson@example.net,^^TRZfpiz)0f,CUSTOMER
scott18@example.net,P1XuQjgy*ew5,CUSTOMER
marcyoung@example.net,o725Crcq+00B,CUSTOMER
ellie19@example.org,0oob1ZJ5(oRS,CUSTOMER
qjohnson@example.org,r7$MVIR8!%Mt,CUSTOMER
knightlynn@example.net,5j*noie+0&8Y,CUSTOMER
geraldlewis@example.net,o$6wc@Kj&nOF,CUSTOMER
gerardmacdonald@example.net,r2M3P6Bq_*O7,CUSTOMER
jbaker@example.net,_s_vz0Ajn5EU,CUSTOMER
uanderson@example.com,OvJ&&x#e!6#L,CUSTOMER
arnoldnicole@example.com,#oS2*qQyoc$2,CUSTOMER
manninggeorgina@example.org,N0E85dKf!IQt,CUSTOMER
ljones@example.com,R6XeofTz)vxT,CUSTOMER
fbaxter@example.org,1ZKhh2vM%dnF,CUSTOMER
bennettrosie@example.net,H+fe7Vpnxt_7,CUSTOMER
zkaur@example.org,@G0o3PAsh&iJ,CUSTOMER
abduljohnson@example.org,5243w(Dvw_M(,CUSTOMER
rhodessarah@example.net,BC@ULCae^J$4,CUSTOMER
charlotte37@example.com,&5H*ve2I*!w8,CUSTOMER
harrisonvanessa@example.org,D3_G5L9jCtm#,CUSTOMER
ianmitchell@example.com,7e6!^!Kw#&#1,CUSTOMER
oliviaharrison@example.org,0s3Guwtnr_!Q,CUSTOMER
molly03@example.org,4#a#wTKB%V1J,CUSTOMER
tonybrown@example.org,y5J*Olq)$RLy,CUSTOMER
harriet15@example.net,ZVqEvu+p*24G,CUSTOMER
wtaylor@example.net,^*8Etpo(Iq6C,CUSTOMER
heatherelliott@example.org,C@Dvgc_!35*c,CUSTOMER
hudsoneric@example.com,D+C6D#sT7zVV,CUSTOMER
clive82@example.org,07R@4axd@W(#,CUSTOMER
sbarnes@example.com,Ds#*8Vi8!f6o,CUSTOMER
martin71@example.com,6)9#Ax4y+t+L,CUSTOMER
kdyer@example.com,)8$csdJ0s2YG,CUSTOMER
pamelasummers@example.com,5&kJn7j8%IRW,CUSTOMER
joanna37@example.org,wSr^yOayJ_W2,CUSTOMER
anthony14@example.org,I@bl6Oy1G!oP,CUSTOMER
russell69@example.net,n9Y$npw!_97p,CUSTOMER
christineking@example.net,f9eQEuId)cK),CUSTOMER
kkennedy@example.com,r+8j5Czs3OCf,CUSTOMER
daniellerichards@example.org,R+C3RZXsqmz2,CUSTOMER
glencook@example.org,hn9R2YnE%r#g,CUSTOMER
fiona81@example.org,(5YpZwScrz9f,CUSTOMER
sylvia16@example.org,#$d3K3+xe(jf,CUSTOMER
tony10@example.org,E@@CosAJgH6R,CUSTOMER
kmartin@example.net,9E3%Zw2y0)Xb,CUSTOMER
tmurphy@example.net,aN2AuEzy&+_D,CUSTOMER
kieranmckenzie@example.com,5yl&8UmPG_89,CUSTOMER
carolwilliams@example.net,uBFCbtgAN#8u,CUSTOMER
vincentwhittaker@example.org,oO$Q8LUqrWBl,CUSTOMER
ybell@example.net,qE3$fwHl9$(U,CUSTOMER
reesleigh@example.com,Y4_!c8Bn#aFT,CUSTOMER
twright@example.com,_6HA@Ddy@gib,CUSTOMER
richardsbilly@example.com,EeGTiW8U*2SX,CUSTOMER
simpsoncraig@example.org,c&A&j2Op&Wb3,CUSTOMER
stewart70@example.org,Z7sBCIdG#ehf,CUSTOMER
claytonstuart@example.com,mUbWhKhs4+7Y,CUSTOMER
elliotelliott@example.org,#us%UPuNt6vR,CUSTOMER
stevenstracey@example.net,@jdY3*Pa8z(Y,CUSTOMER
srees@example.org,rDMem)4ow6I^,CUSTOMER
ronald87@example.com,Na+G8QwsQ(Wg,CUSTOMER
opage@example.org,w)y0RRv#2wxt,CUSTOMER
greenlydia@example.net,6gLR^VZBJ%6p,CUSTOMER
joantodd@example.net,fO2zyKNkM(70,CUSTOMER
bradleytina@example.org,S6&0qYnhu907,CUSTOMER
bishopdamian@example.org,#iH1eKNu7J26,CUSTOMER
mortonwendy@example.net,2ZfsX8Ma^9Pi,CUSTOMER
qwhite@example.com,4)8t$AfeX_5E,CUSTOMER
patricia93@example.org,&6hL8aqZ_0WY,CUSTOMER
rwright@example.org,&ZV+KuGswX5f,CUSTOMER
watsonclive@example.com,*fL#uuiGk6L_,CUSTOMER
ian34@example.net,C4q4SCfXr&7*,CUSTOMER
laura09@example.net,@Q4Ixohc1SiA,CUSTOMER
ohunt@example.net,29C@gTKv$Q_e,CUSTOMER
jenningscarly@example.net,2*9J$BwzA_MD,CUSTOMER
damian29@example.net,g42MaAmb7)YW,CUSTOMER
gemma24@example.com,*avDvAj96&I1,CUSTOMER
abigail94@example.org,@queYew(36SZ,CUSTOMER
norman07@example.org,g$rOfSOz_H3Y,CUSTOMER
martinsmith@example.org,*0yL2WXs9ne2,CUSTOMER
xdean@example.net,@D%P7%aV0tAo,CUSTOMER
qroberts@example.com,8l0+qVKf%ztY,CUSTOMER
ipatel@example.com,Df9$bID(#wU_,CUSTOMER
froberts@example.org,)9JJd2u*BaM_,CUSTOMER
nicholas68@example.net,!ON^u$4yH4$n,CUSTOMER
doyleedward@example.com,NT2xiYE7R&6V,CUSTOMER
burgesssamuel@example.com,Ai3@ZLHhia8R,CUSTOMER
nsmith@example.net,#vdfRmupFmp3,CUSTOMER
bethwright@example.com,6SSi&vTf&9!F,CUSTOMER
conor01@example.com,1I4k48Bxl^KC,CUSTOMER
joyce89@example.com,IO_)jIEQ#H7L,CUSTOMER
austinfrancesca@example.com,(7tPNr&*uel8,CUSTOMER
tjames@example.com,6cFSB9zG#U93,CUSTOMER
wahmed@example.org,&FFRug7&JX0W,CUSTOMER
lynda05@example.net,Bfj^j5wek3)A,CUSTOMER
rita26@example.org,!H8oKouzUi&R,CUSTOMER
rcook@example.net,62B0SSoi+YQA,CUSTOMER
rread@example.com,m7RgSHbc+a@0,CUSTOMER
hayleywillis@example.com,5I0X*rg@$$Oj,CUSTOMER
smithgavin@example.net,ve3OQiXp#^Zn,CUSTOMER
markcook@example.org,q1BaQAHI_b&3,CUSTOMER
leonbartlett@example.org,O%0curHO90pY,CUSTOMER
denissmith@example.net,+UhesudX2J#E,CUSTOMER
smithchristine@example.com,JMWVDySyhk*4,CUSTOMER
duncanbarbara@example.com,u!Fu^Nuzbs56,CUSTOMER
tday@example.org,!+B5tTPW)5h),CUSTOMER
marysmith@example.com,2P(*Cqdm#bfY,CUSTOMER
daviesdamien@example.net,!92PABbWk0$@,CUSTOMER
russellharris@example.net,t#psT^9#@hD4,CUSTOMER
ryanakhtar@example.net,&2cInR@bS1v5,CUSTOMER
gbarton@example.org,Mf7LrYyS*a0q,CUSTOMER
arthur55@example.com,Ma_08eFtx8(7,CUSTOMER
hayleyclarke@example.org,u0Rm_m1&5eC(,CUSTOMER
seanmatthews@example.com,c3@kJctU(JDx,CUSTOMER
ywhittaker@example.net,m0$!jaecrv*U,CUSTOMER
graememorris@example.net,3^o9YG2drR%6,CUSTOMER
ricky77@example.com,D4UXAfhE(9&U,CUSTOMER
claregrant@example.org,7deLGdUe!IZr,CUSTOMER
vwilliams@example.com,W$)tJcl%yA1q,CUSTOMER
francesca68@example.com,8v8X$f01QD3),CUSTOMER
jakekirby@example.com,aMmioGp%@2I7,CUSTOMER
richard62@example.net,@&6_wMzC_4ID,CUSTOMER
fthomson@example.net,Z*81$U5b9Hn9,CUSTOMER
anne32@example.org,lB5*@agJL6L),CUSTOMER
catherineslater@example.net,+h(MuG!v31aI,CUSTOMER
ewilliams@example.com,h5jX6Ryy5MS+,CUSTOMER
sean98@example.net,4GMoYYuM&!OK,CUSTOMER
angeladuffy@example.net,dQXipAW@$C8c,CUSTOMER
christine87@example.com,OD6Ur1Bo+G(7,CUSTOMER
ajohn@example.com,H^9RT05b(&43,CUSTOMER
kerry14@example.org,9AM1SRii!&18,CUSTOMER
susan04@example.net,)k2*^vn0IV@T,CUSTOMER
richard50@example.net,g*kZNlzx+(&4,CUSTOMER
luke73@example.net,UVX9xUemL^rV,CUSTOMER
teresa52@example.com,Sc)B1Vs%h@d),CUSTOMER
efranklin@example.org,m&D3Bf$!KU+j,CUSTOMER
frederickcollier@example.org,V%!1W+Oj)tI%,CUSTOMER
hollie54@example.org,Tz1!3y_KMDRU,CUSTOMER
garyfletcher@example.org,#V6gE8lh0WpV,CUSTOMER
wilkinsonconnor@example.net,@08F2zojdHRQ,CUSTOMER
gregorytom@example.com,*M8EryzG)UV!,CUSTOMER
hancockmaurice@example.net,^pEde(lzO07M,CUSTOMER
damien12@example.net,Q%$22BsK%T71,CUSTOMER
owenbray@example.net,+3^WPs*gZs3n,CUSTOMER
kdavies@example.org,f9@83#nj&zNN,CUSTOMER
zboyle@example.org,6HunMUaS+nx4,CUSTOMER
mitchellolivia@example.net,50!0PSp+$m)A,CUSTOMER
bholmes@example.org,^(*YcYKc9sLS,CUSTOMER
utaylor@example.net,TivA0Zqwx_(o,CUSTOMER
jryan@example.org,*7ASBey_*hnD,CUSTOMER
jclarke@example.net,N1)OE%Hl!e+H,CUSTOMER
forsterfrederick@example.com,hq$j$3Vn$a2r,CUSTOMER
dennis30@example.org,+c1i)Dim3b8I,CUSTOMER
robinsondanielle@example.org,L_Q&OO$t_7Jb,CUSTOMER
richardjones@example.org,g_EJSV5t5(D0,CUSTOMER
traceyallen@example.org,o$6OBmA7C*pC,CUSTOMER
hjohnson@example.org,0I)Wc#Re_D_C,CUSTOMER
garryhall@example.net,)v6XnjK4q6B6,CUSTOMER
johnsonreece@example.com,*Qg7BpItWwYq,CUSTOMER
raymondknight@example.com,d2*2tJjmAhmB,CUSTOMER
brandonlittle@example.org,&WNY1_yyq*Mu,CUSTOMER
osullivanmathew@example.com,M!6AuSlEPQ)C,CUSTOMER
victorcooke@example.net,$SfTsjo3b4EB,CUSTOMER
adrian10@example.org,raPNdmG4$8LK,CUSTOMER
martinvincent@example.com,FJa4JQns8#Ta,CUSTOMER
holtgregory@example.com,^djdAqal3PZD,CUSTOMER
ashley58@example.com,Xc289DndoU_k,CUSTOMER
lesliedavies@example.org,vr@+#gqq)1!H,CUSTOMER
waltersluke@example.net,$3Ywz6_1jhw7,CUSTOMER
beth36@example.net,1!YMv*mBw686,CUSTOMER
heatherbarker@example.com,(hZnei71^8PU,CUSTOMER
ybates@example.org,@^7qAgQq#vAQ,CUSTOMER
frank33@example.net,Kal67Zgl#jT*,CUSTOMER
ian10@example.com,1Z4zJinh)@3v,CUSTOMER
ryanadam@example.org,T2Qo#aIn)4T^,CUSTOMER
williamsheather@example.com,fISqiT@$20K$,CUSTOMER
wardabbie@example.com,O%Ub@5wI!5@L,CUSTOMER
suzannemartin@example.com,Io1Yd)A&^6UF,CUSTOMER
bradshawgregory@example.net,Mm5Ulj+y)w*K,CUSTOMER
brownjean@example.com,P7^*rPpj%2Kp,CUSTOMER
jasmine67@example.org,!a62ZroxKMJ7,CUSTOMER
lindsey07@example.org,&e@#TliSN610,CUSTOMER
hodgsonwendy@example.com,sV!OAeCR)K(1,CUSTOMER
allanbull@example.net,$T*HkVk6#69d,CUSTOMER
hamiltonrussell@example.com,(92PD5atSS1a,CUSTOMER
dylanjones@example.com,&wXnWYRc5HL1,CUSTOMER
gail40@example.com,B*51e5@t_XmG,CUSTOMER
joanna86@example.org,b+4JXWNe9iM5,CUSTOMER
fmay@example.com,$SM&yraDt4%s,CUSTOMER
annbyrne@example.net,!&JPAw_7DuB5,CUSTOMER
bethanallan@example.org,_3O5nVx(JsXm,CUSTOMER
hlawrence@example.net,Q1Wwao9m!YWE,CUSTOMER
kellyrichardson@example.org,#U8N4h%N^5Ac,CUSTOMER
tinaphillips@example.org,*1WBH9GyNJji,CUSTOMER
warrenlauren@example.com,%Z4#FZy2#cC^,CUSTOMER
burgessdavid@example.com,C*7ZJICfGu5N,CUSTOMER
rachel45@example.com,OCk+p8c8^1(J,CUSTOMER
mbrown@example.org,i4aP@v@0)&rw,CUSTOMER
jhoward@example.org,vm!MKrU6E&E3,CUSTOMER
edwardwebster@example.org,^0qG0G7PHsSx,CUSTOMER
neil29@example.com,+FEwNtqtp7hD,CUSTOMER
maureensmith@example.org,JzP0Dx1U80#x,CUSTOMER
rosspeacock@example.net,&8iU2OtYpa6Y,CUSTOMER
ofoster@example.net,fK6rXtYo+*3Z,CUSTOMER
stanleygibbons@example.com,0+y(HJf9$RdM,CUSTOMER
ppalmer@example.net,u7wW*hXI$AW6,CUSTOMER
khawkins@example.com,c*j#qE(n2td9,CUSTOMER
dickinsonmarion@example.org,pM&5+8Yif30M,CUSTOMER
clairemartin@example.net,J$9*juTvGlE*,CUSTOMER
harrisgraeme@example.net,1apy8yp%!ifE,CUSTOMER
bhill@example.org,+EuVz&&fL5I2,CUSTOMER
stanleyhussain@example.com,e_5Hp6w2!!0z,CUSTOMER
robertscolin@example.com,AJds5jy$t+TE,CUSTOMER
shawbilly@example.org,sQ2_vWtes(8q,CUSTOMER
nigel83@example.net,^&XE3aNMbm&7,CUSTOMER
hussaindiane@example.net,Br4Fcfz_c@D&,CUSTOMER
carol05@example.net,7oaNpHLx)Nz9,CUSTOMER
jasmine15@example.com,@R9yKUa#ha+m,CUSTOMER
danielle96@example.org,c_#!vLiwQ&8S,CUSTOMER
jhill@example.org,c)5#qYbnCJTC,CUSTOMER
joel64@example.com,@0JqQYZdD$M@,CUSTOMER
brett74@example.org,c#PhEZ)+%6xk,CUSTOMER
mohammad84@example.com,Epy3vcZkM%#0,CUSTOMER
whughes@example.net,Jw_0!ZqW!c(C,CUSTOMER
marcus00@example.com,3tn&S+IyX4sM,CUSTOMER
claireobrien@example.net,(4y!6qGmu#kx,CUSTOMER
bentleyjamie@example.net,$WH(oIKc!5xH,CUSTOMER
ymccarthy@example.net,4B6T^roTA)GV,CUSTOMER
williamsaaron@example.com,MkNsjTXUon2!,CUSTOMER
greenben@example.com,MOU5Tuj%L$zX,CUSTOMER
bendavies@example.net,bkZ)IZlxc6tG,CUSTOMER
dwalters@example.org,@4YVpGtF8HDw,CUSTOMER
oconnordamien@example.net,+V4QGVr2FCf0,CUSTOMER
andrew59@example.com,)eSjWqxfu0De,CUSTOMER
harry04@example.com,!FtMfF+d5kyy,CUSTOMER
johnsonashley@example.org,viO!7Atp!ao#,CUSTOMER
fmarshall@example.com,URdIqqZ9%88S,CUSTOMER
gbaldwin@example.net,fU3DmEKa4pU@,CUSTOMER
gibbonsjennifer@example.com,arwq13rc^2bH,CUSTOMER
caroline78@example.net,%gS2lPiO@0#s,CUSTOMER
zjones@example.net,323cUrVz#fGr,CUSTOMER
ijones@example.com,Lws9WSpS$sT*,CUSTOMER
whiterachael@example.org,6_Vb1UutsX+M,CUSTOMER
xharrison@example.org,8EFHPsnr71Z+,CUSTOMER
rnorton@example.net,+4&3vlXNvpVq,CUSTOMER
dobsontrevor@example.com,(x7CajfDVT1r,CUSTOMER
jacquelinedale@example.org,@_5bIcgj^cd2,CUSTOMER
georgina48@example.com,%+UJN+mM$HT1,CUSTOMER
qnewman@example.net,3J2bctfT+4_B,CUSTOMER
hardingeric@example.net,(*8mnF)bYLGD,CUSTOMER
williamsonkirsty@example.net,(L)Z)Kr%&X0U,CUSTOMER
barrycooke@example.com,(ZHyNjNzj2VE,CUSTOMER
elliott49@example.org,$CZymclw$8cV,CUSTOMER
mitchelldeclan@example.org,&!28EpQsTq8R,CUSTOMER
matthew28@example.com,)78srht#VNAY,CUSTOMER
lkemp@example.com,+3IDehZb(ywe,CUSTOMER
phicks@example.net,DDqO3HKddy0@,CUSTOMER
leecook@example.com,ILM5fP)o!d^i,CUSTOMER
francesca32@example.com,bK#I3HspBrap,CUSTOMER
lcharlton@example.org,kMl9pbgqU_5S,CUSTOMER
douglasarnold@example.org,j)4Ct1h^PUU@,CUSTOMER
julian49@example.net,A5IxM$6)&4*s,CUSTOMER
dpratt@example.com,oaoQ+^f8#0&S,CUSTOMER
jmason@example.net,!wCl*&4&y4R_,CUSTOMER
leon24@example.net,BZ1(A9tlK(CB,CUSTOMER
henry45@example.net,4pTfSCa*^2Rs,CUSTOMER
hhartley@example.org,f*7%y4fEwFqV,CUSTOMER
ygreen@example.net,o2&4ChVjhTYi,CUSTOMER
zhiggins@example.net,*hw0lx3OEt6H,CUSTOMER
valeriebowen@example.org,Dok2_0QpLYVl,CUSTOMER
kimslater@example.org,Bq(pQNiofBT9,CUSTOMER
yrichardson@example.net,03tBP+ro&p5O,CUSTOMER
daviskelly@example.org,($26(P9a^4CQ,CUSTOMER
rhughes@example.com,_m3Zcy5e@1yM,CUSTOMER
thomaslawrence@example.net,(ys(%vm#Z6RD,CUSTOMER
oporter@example.org,+zXMsAkR%N7S,CUSTOMER
tinabutler@example.net,e#)NIohG)x23,CUSTOMER
frank88@example.net,fN^QHFnN@^A5,CUSTOMER
leonbrown@example.org,!71MQvqUrw28,CUSTOMER
blackmathew@example.com,tak%2IutIWu_,CUSTOMER
colemanmaria@example.net,(O)oTj8kI*4g,CUSTOMER
malcolmforster@example.org,APP8Iswdd+6H,CUSTOMER
jemmahope@example.net,C(DTer+&#1Nj,CUSTOMER
carol53@example.org,1#sYCgda+mJw,CUSTOMER
bradytracey@example.com,W@3tZnhtW%rN,CUSTOMER
rogerburrows@example.com,m_3G8lQcNjPR,CUSTOMER
marilynwhite@example.net,UD6KVNHf5%7O,CUSTOMER
lowekyle@example.net,$(ZEQTl#$uk7,CUSTOMER
arowe@example.org,$E8V5OWejbe2,CUSTOMER
daviesfrancesca@example.com,3LqLdWyz^pV4,CUSTOMER
suttonpauline@example.org,9fEtF!2u_W4K,CUSTOMER
kwilliams@example.com,6PJ4qDn8()4A,CUSTOMER
bmiah@example.net,!89IXWvj&wbL,CUSTOMER
joanna08@example.com,@ctIapd3*0Va,CUSTOMER
karenallen@example.org,%sUntX2Rq8Ms,CUSTOMER
terry41@example.net,2%o1nXoKSg(E,CUSTOMER
obell@example.org,^xF$ScXi0Ff2,CUSTOMER
andrew65@example.org,(OltmSVvm7gG,CUSTOMER
wwright@example.org,#HSQdsQ$6#0S,CUSTOMER
damien80@example.org,Um&9WThn#XpE,CUSTOMER
kevinbutcher@example.net,51%oxD3h$MWw,CUSTOMER
cspencer@example.com,^64&T&gL9OL6,CUSTOMER
gavinhopkins@example.net,t0K)vcw^20cK,CUSTOMER
baxterclive@example.com,&7O3XyIstZ#8,CUSTOMER
jennamiller@example.com,R2*bdNmB#MGW,CUSTOMER
michelleellis@example.net,(v8pbL_a+K8R,CUSTOMER
barnesjosephine@example.org,)4+CvJauobLj,CUSTOMER
thomasvanessa@example.org,0_G2#Kl(hfMb,CUSTOMER
krichards@example.com,hB(&L#LzH_P4,CUSTOMER
denisburton@example.com,#y$72Ux3$#Re,CUSTOMER
pgraham@example.com,^OLcT@Ic%EO5,CUSTOMER
jenna80@example.org,Ix2MyC)9*(VF,CUSTOMER
bharrison@example.net,d97b)iGlq+r0,CUSTOMER
adamsdenise@example.com,3V%joIi#&iV&,CUSTOMER
ellisamelia@example.com,+T^g3XakU(p^,CUSTOMER
geoffreytaylor@example.com,YWzANmrTq%3O,CUSTOMER
cliffordkhan@example.net,&Hb_7psnQ8UC,CUSTOMER
malcolmhall@example.net,O(&7NNplT9Kg,CUSTOMER
yatkinson@example.org,gO01kE+b@8LO,CUSTOMER
ematthews@example.org,!9BOhbtqeFGx,CUSTOMER
angelaadams@example.com,Ai+4Ytm&vyqu,CUSTOMER
cthomas@example.org,qPL@BF3cl+$9,CUSTOMER
abbieharris@example.net,dax1L^3s6%a6,CUSTOMER
rebecca22@example.com,gJ6YUb5zP4K*,CUSTOMER
sheila03@example.net,fb^OnEa#$73z,CUSTOMER
hopeleanne@example.net,I9Uf8Mlb_eMV,CUSTOMER
lucy64@example.net,&0SwBNbO*c5E,CUSTOMER
sspencer@example.com,F4N2zdtO*lky,CUSTOMER
jonesmitchell@example.com,@3%PFlfgq365,CUSTOMER
denise37@example.net,p*5SFmPcnH#),CUSTOMER
martinlisa@example.com,f^9R*&^J^3ck,CUSTOMER
higginsemma@example.net,JWz7kQub+BFN,CUSTOMER
alex16@example.org,#U%WrTk@N7v*,CUSTOMER
uparkin@example.org,4vMUexKP#vch,CUSTOMER
toconnor@example.net,67AtquPB@J2B,CUSTOMER
graemewest@example.com,8#6%PD87&pnw,CUSTOMER
lewisdanielle@example.com,+1QolyUfxm1i,CUSTOMER
gerald47@example.com,sv#+6Hkl0sO1,CUSTOMER
richardsedward@example.org,J2H@tyga!CiK,CUSTOMER
frenchclifford@example.net,#7nYFZszcKG3,CUSTOMER
ryanwood@example.org,%7Ej(pj!&W_w,CUSTOMER
bethrussell@example.net,LW0EPa%W^&YJ,CUSTOMER
keithcameron@example.org,qXyJKU7x8!g7,CUSTOMER
smithlouise@example.org,^MW&!iIo%6bK,CUSTOMER
xbooth@example.org,+ifcT3Yc5(mL,CUSTOMER
jasminehope@example.org,*T4P*u#ONF%j,CUSTOMER
gavin75@example.com,YOHJZdz%2@1C,CUSTOMER
yjames@example.com,$&Ct!Lt87YTp,CUSTOMER
cbarnes@example.org,PWlQSXh@O^N0,CUSTOMER
fionahussain@example.com,cSUPSh5s8%#0,CUSTOMER
megan84@example.com,K1R+Q#7PqcAw,CUSTOMER
georgewright@example.com,2K9j!tgm@(1E,CUSTOMER
davisclaire@example.net,7h14Vg@g^AkI,CUSTOMER
ssmith@example.com,2Fwh&AXq@qSa,CUSTOMER
julianball@example.net,!H99UF1uk_so,CUSTOMER
wthompson@example.com,)5Ubq+#d2#fv,CUSTOMER
kerry80@example.com,^wFF&Xnf!f8F,CUSTOMER
hussainshannon@example.net,)9h^OIRb)lML,CUSTOMER
ellieatkinson@example.com,FyZ%^2PgEA&P,CUSTOMER
lwelch@example.com,9HI*ygDbL4VE,CUSTOMER
ilittle@example.com,PNf3e#AnHu)E,CUSTOMER
alex25@example.net,(hLFuLee#5vX,CUSTOMER
delliott@example.com,0n3G9aAt++hC,CUSTOMER
hannahwood@example.org,F+&1ILQsyK&#,CUSTOMER
smithcarole@example.net,gDMwP%0us@7O,CUSTOMER
sean48@example.com,#onXA@qHBO4c,CUSTOMER
franceswalker@example.net,^r6UGY2dF!f6,CUSTOMER
akhtarleah@example.com,&_5X$uMn$TgG,CUSTOMER
zchapman@example.com,&^XkJxTA079M,CUSTOMER
clarkmarian@example.com,_2NDDawXZZRT,CUSTOMER
atkinsonjudith@example.net,Wk3N@!br(KuN,CUSTOMER
nstokes@example.com,DoYK!jhF_2OM,CUSTOMER
irenejones@example.net,ZRQjs70z$2@A,CUSTOMER
leeaaron@example.net,IxkM76Sd9$!B,CUSTOMER
turnerandrea@example.org,+vVSDJxc@7bs,CUSTOMER
elliottterence@example.org,14GPw%Gc_jw8,CUSTOMER
lyndawhite@example.net,_$FabIfpP47#,CUSTOMER
saundersbeth@example.com,e2T^DiLj$uIs,CUSTOMER
richardhall@example.com,%F9J%WJpw!Xx,CUSTOMER
staylor@example.com,aNA8BObePF&0,CUSTOMER
egreen@example.com,(s%EKsh0w)F2,CUSTOMER
kathleenpatel@example.net,&owefGPtt3FW,CUSTOMER
birdlorraine@example.com,t43ZJklhZ$#l,CUSTOMER
eanderson@example.net,Rf4604Sv(Kwh,CUSTOMER
kyleclark@example.net,y5t1&on0)1bI,CUSTOMER
hollowaynaomi@example.net,&MB4Rr!g4b54,CUSTOMER
nyates@example.com,(&3lv2g1&VS^,CUSTOMER
stokesmargaret@example.org,#1jkoGQalH8L,CUSTOMER
paulinejohnson@example.net,X!b8CZLl^#K1,CUSTOMER
thompsonjasmine@example.net,4HU#ypFt9wO9,CUSTOMER
charleshunt@example.com,GP(LAXDfhrH3,CUSTOMER
smithdale@example.com,44t1F*ww#nW3,CUSTOMER
samantha00@example.com,$HDoF6^ksz24,CUSTOMER
collierbryan@example.com,%1ZEbkI(bFaZ,CUSTOMER
charlene72@example.com,4Cn0UkxI%dDq,CUSTOMER
callum91@example.org,%_u5Ic*eT%b4,CUSTOMER
kcollins@example.com,CL2YzAl&&HlG,CUSTOMER
mayrosie@example.net,EcV8SKiC_**6,CUSTOMER
tom35@example.net,@*BJ^hA$G428,CUSTOMER
qnorman@example.net,giB3Hf)fO%DX,CUSTOMER
amy16@example.com,%1jG7Xoof6^h,CUSTOMER
georgia00@example.com,8kw%oPqnjr2B,CUSTOMER
smithrachael@example.net,5jT@xbHH&m5H,CUSTOMER
leahholland@example.com,^Z5av79p$)Xt,CUSTOMER
uhall@example.com,aHz@c#GP57S^,CUSTOMER
yfaulkner@example.com,)33Akk(X_@7z,CUSTOMER
jdean@example.org,M81PbmM^*F8X,CUSTOMER
jade48@example.net,^K!IAub02e70,CUSTOMER
yrichardson@example.org,2)kDN7L3)@P_,CUSTOMER
gwelch@example.com,7)S#Ar61f68Z,CUSTOMER
colinwebb@example.com,l46ILmwz3v_%,CUSTOMER
meganjones@example.com,ZGh15YJb&2Vr,CUSTOMER
rossmorgan@example.org,3C(1EsKoTQN6,CUSTOMER
utaylor@example.com,PgsI%nCo#8(1,CUSTOMER
kennethlynch@example.com,SsNB!Fmiu1)3,CUSTOMER
chapmanbenjamin@example.org,9^k5w4K&Mn7H,CUSTOMER
scott80@example.net,)IG8QHier%_s,CUSTOMER
moorereece@example.com,L7kudm&*^zCZ,CUSTOMER
charlene08@example.com,+7Bjjn0r$24H,CUSTOMER
stewartvalerie@example.com,s8W^Yi$v!_sU,CUSTOMER
clifford70@example.org,*&ZW)BxNYZ1g,CUSTOMER
albert41@example.org,n(Z_rDBcT#2*,CUSTOMER
mandy92@example.net,pBWFHnEp@A7j,CUSTOMER
cookedonna@example.net,BDDel^t82rE#,CUSTOMER
tracysmith@example.net,A$49(AkE#^YM,CUSTOMER
wbarker@example.com,U2wpM4yB_2Qz,CUSTOMER
clarewillis@example.net,I^9GdS4aQntH,CUSTOMER
frankabbott@example.net,b4j$Qbp$!&jK,CUSTOMER
scottdamien@example.net,GQ!j9LBa5$E2,CUSTOMER
donaldwood@example.org,j9dR%INn*4%B,CUSTOMER
mcdonaldlynne@example.net,rPbg*A^f3^3u,CUSTOMER
charlene56@example.com,vgoQblil*G9k,CUSTOMER
kerrymatthews@example.org,_XB@g9Ioz&!R,CUSTOMER
smithgary@example.org,$+PwySmT*z47,CUSTOMER
vkerr@example.org,^0pKFxuf9v^j,CUSTOMER
rogersjennifer@example.net,$7C66fpd#&U%,CUSTOMER
xsimmons@example.org,6(8O1s&(f42S,CUSTOMER
lthompson@example.net,d#F7NCzDUi^$,CUSTOMER
malcolmbrown@example.org,Wh1v6KbMyo&6,CUSTOMER
simspatricia@example.net,*G*1$Biy^Xo4,CUSTOMER
alice07@example.org,5FT@(9B*obuu,CUSTOMER
vturner@example.net,#7*#t75heVbI,CUSTOMER
griffithsterence@example.com,^9R2FDrWyqr!,CUSTOMER
tony74@example.com,*H6%B_%x0Pmh,CUSTOMER
neilmetcalfe@example.net,((0kLLlp1KM4,CUSTOMER
bernardbanks@example.com,V*%0+GvdpF_8,CUSTOMER
zbriggs@example.net,k4vU!MEZ^dd7,CUSTOMER
marilyn76@example.com,a4BL(%Bk)MF6,CUSTOMER
roy11@example.net,@638Y7eqr%OR,CUSTOMER
alanstewart@example.com,^tvN4ssTp2A&,CUSTOMER
lyonscharlotte@example.org,*7(xQmFBUTWo,CUSTOMER
coatesjustin@example.com,EY3LGvj$^Lqw,CUSTOMER
natashapatel@example.org,qK!24L2a5$h4,CUSTOMER
walkerjean@example.net,8EZbcVQl^0e0,CUSTOMER
dhill@example.org,a2CXFksM20c*,CUSTOMER
tholmes@example.org,!ir87)jx#_oP,CUSTOMER
connor74@example.org,GUI5eOhz%YA+,CUSTOMER
mohammed61@example.com,%0nK8qViUT9b,CUSTOMER
hayleysmith@example.com,l607jDz1!fA5,CUSTOMER
ebaxter@example.net,(UC!+Y@ayu7*,CUSTOMER
frederickholmes@example.net,ChOjxwrJ)_7K,CUSTOMER
kevans@example.net,J2SP^gt$%%Xx,CUSTOMER
mcooke@example.org,&0vj91(mLyKC,CUSTOMER
bhughes@example.org,T32_smPq*m_D,CUSTOMER
cwalsh@example.net,Ga3VAzaL%*GH,CUSTOMER
millerleonard@example.org,!DdNkdPhRJ9h,CUSTOMER
iain26@example.net,%Gtz65ej+(2N,CUSTOMER
tony18@example.org,m8pMqMoi)^Yg,CUSTOMER
kyle50@example.com,BA_0Y3g!AC(5,CUSTOMER
victoriagibson@example.net,1ofLrqfQ#zTW,CUSTOMER
sjennings@example.com,0q!ck4n5&0CI,CUSTOMER
yclarke@example.net,*ucA8^Vg#u8N,CUSTOMER
victoriacooper@example.net,n!5rW$*lH^1C,CUSTOMER
yedwards@example.net,(6nYSVaJm3(@,CUSTOMER
billy24@example.org,%18RWs0TT+Ll,CUSTOMER
shirleyshepherd@example.net,GXcKXZk&E(4F,CUSTOMER
fconway@example.net,&@hPwfo&kK0C,CUSTOMER
craigjoanna@example.org,%hVDEZcvU2(a,CUSTOMER
brownalice@example.net,D@Q9G(vH2v9w,CUSTOMER
hugh50@example.com,xH(WGRz8op7+,CUSTOMER
vwilson@example.com,9zI@8i#(Y8y@,CUSTOMER
scottdavison@example.org,+O6e_hAo@5AB,CUSTOMER
jwoods@example.com,V9(vqZfj($h2,CUSTOMER
edwardslouise@example.net,$8C93rvno8Tn,CUSTOMER
jay10@example.net,U8wJpGc2#f@M,CUSTOMER
gibsonlesley@example.org,(KNZayC8(4S2,CUSTOMER
obarker@example.net,pxU#rm))y3Xz,CUSTOMER
hthomas@example.net,VR%QMTdGfMx2,CUSTOMER
jeremy93@example.org,0a2G14NyO_zf,CUSTOMER
alandavies@example.org,0S2GemLzg&gn,CUSTOMER
eleanorwilliams@example.net,kc98^0VeJr%B,CUSTOMER
jjohnson@example.com,Y&SqZTY7qk2p,CUSTOMER
gardinerlydia@example.org,*P3TqFbfd5km,CUSTOMER
philip56@example.org,_8K#)&3Eg8@V,CUSTOMER
smithjade@example.com,WY7zuCol%fRW,CUSTOMER
rcole@example.net,g*!64Xdz^7O0,CUSTOMER
hayleybibi@example.net,w3FkMupn_CBY,CUSTOMER
shaungrant@example.net,2yurViON%tu(,CUSTOMER
tomallen@example.org,(IMqL($^BL47,CUSTOMER
scottjeffrey@example.org,cDx)CNy6EvM6,PRODUCER
ricedebra@example.com,mb@&CK_T_*V5,PRODUCER
begumsara@example.org,*VqMeQv)O19O,PRODUCER
carol53@example.com,m#k@qWH$7(CF,PRODUCER
fosterluke@example.org,39uFOlYH6$5L,PRODUCER
bonddennis@example.com,#Z&bBOlRBi62,PRODUCER
paigemorley@example.com,m8VyWBo!@b(x,PRODUCER
martynmartin@example.net,C4aKKq8A#mBf,PRODUCER
uthompson@example.com,(@ZmrJA^9wp2,PRODUCER
xhunt@example.com,+W+hxqyDA0Tk,PRODUCER
khangeorgia@example.net,@mU1J$usy0d%,PRODUCER
amandaharris@example.net,i24R3xle!IZp,PRODUCER
paynecarly@example.com,6wOX9WuE$vIU,PRODUCER
elliotpope@example.net,&wdN&gvF7i7E,PRODUCER
jennawarner@example.org,rZ)J1Q6jdPZO,PRODUCER
pjohnson@example.net,#XiVKRm4hG80,PRODUCER
owenbilly@example.net,P+34FMM@Rrl9,PRODUCER
david37@example.net,_5S$SoR*cdfp,PRODUCER
yarcher@example.com,HvG&o8Pv+VvJ,PRODUCER
aimee27@example.org,PFj5LjNkz$6F,PRODUCER
bradleytaylor@example.net,3N9M5okW&xSH,PRODUCER
harrisderek@example.org,nr*9gIFr!@0W,PRODUCER
ashtonneil@example.com,#@+U0ILaKa7C,PRODUCER
donaldcurtis@example.org,8$c4wlSd1CSf,PRODUCER
iparker@example.net,iW1YX7lgP!&7,PRODUCER
kaursandra@example.org,I8rIA!zH*CfB,PRODUCER
helenbartlett@example.com,$sWT%Q9dw0vT,PRODUCER
jake76@example.net,+d6LcRmZB0p1,PRODUCER
pricemax@example.net,rQ8!PFAdzL)H,PRODUCER
tom17@example.com,K_9YjXtg(0a@,PRODUCER
ben54@example.org,+oV^vXwe)2(e,PRODUCER
vfreeman@example.net,_z9+1vt#6sIw,PRODUCER
georgiarose@example.net,#5rbWVL3edMI,PRODUCER
dorothywatson@example.net,@vV27V)sXZBp,PRODUCER
leonard38@example.net,#1gT*Ce(T*v3,PRODUCER
vincentthomas@example.org,(U2TO(jcOLP&,PRODUCER
kevinjones@example.com,t8r7Du4e$$O9,PRODUCER
grace06@example.com,Phl1yPJh_dMZ,PRODUCER
cliveknight@example.com,Y^eTLOIc&vM1,PRODUCER
suzanne42@example.com,@6$L0bupX^1d,PRODUCER
robertsonbethan@example.com,)n&I6Fxl1FD0,PRODUCER
mmartin@example.net,7m@1lExsxW*e,PRODUCER
mrees@example.net,nj8Ltdz&!2!e,PRODUCER
francisbuckley@example.org,g+&O2wJ2aj94,PRODUCER
donna81@example.org,+rBlNotZ45AQ,PRODUCER
robinsonlinda@example.net,cv^ZCGkqh35L,PRODUCER
cameronamy@example.net,ea#3XlKbws)N,PRODUCER
patrickpearson@example.org,#gr9OdF_0fLU,PRODUCER
lawrence29@example.net,#YawQ7th0P*G,PRODUCER
vanessa08@example.org,!S#1OVYf5nCS,PRODUCER
dmiles@example.net,!Z_0fD3m7t7E,PRODUCER
zthomas@example.org,(FGd&8)nR3&c,PRODUCER
natasha08@example.net,ZtF7oXsJ6^YE,PRODUCER
morganjudith@example.com,I8YN5!QoBcx_,PRODUCER
gburrows@example.org,!%66bEgiF5p*,PRODUCER
sphillips@example.org,(1_ChrY$^2K4,PRODUCER
rebecca35@example.com,I^OZzetsvq0M,PRODUCER
leahpayne@example.com,#@*fEmHpGN*1,PRODUCER
scotthenry@example.net,egP2fe03@42O,PRODUCER
harrisonnicole@example.org,&v#gM7sX01N6,PRODUCER
kirsty78@example.com,%*D%9qSdROc5,PRODUCER
gareth64@example.org,(0#MTi057Pc4,PRODUCER
alicehussain@example.com,oR#p8VwBoc0_,PRODUCER
rhutchinson@example.org,pSuJ8mFc^78U,PRODUCER
cameron12@example.org,c#1_k^+FiM!I,PRODUCER
holmeseileen@example.net,L8l)Pf4f+g6W,PRODUCER
swood@example.org,VR9LwIqAL2v^,PRODUCER
angelagardner@example.com,%x6Tmt(PCG^s,PRODUCER
alexwong@example.net,va@nFG6sSL21,PRODUCER
pricemegan@example.org,)upCUZtnPq*2,PRODUCER
xpearson@example.org,^8APb5wW6iuL,PRODUCER
lynneyoung@example.org,6*48TIeLS6yV,PRODUCER
sgriffin@example.com,F+FjQNAp!D4Y,PRODUCER
lauragough@example.net,_9ZVozOO$n+@,PRODUCER
dalebrown@example.com,GwWyHUaKa+1X,PRODUCER
iali@example.org,1W(PBOBf%s33,PRODUCER
wendy07@example.com,&x873Ff!h+fo,PRODUCER
richardsoncarole@example.com,^xNMdXxYa0Vr,PRODUCER
cmclean@example.org,ay!1G7&rH_Uj,PRODUCER
seansteele@example.org,c1uAGYQr%jQA,PRODUCER
dwhite@example.net,8%1YoVXVuaLK,PRODUCER
xroberts@example.org,!hMsJcRiS68c,PRODUCER
sally40@example.org,q%5+ZoT$Bq(I,PRODUCER
helenwoodward@example.net,2U3OeJfv!rkO,PRODUCER
rachaeljohn@example.org,!28gacniL0sB,PRODUCER
pateljayne@example.net,jj9B!_aF2^uO,PRODUCER
ppowell@example.org,svsUKMpm_iV3,PRODUCER
ronaldriley@example.net,9&09j*dQ!ggN,PRODUCER
connormckenzie@example.com,rk3we13)h&^B,PRODUCER
hdunn@example.com,h@Qj6yy3&9!+,PRODUCER
smithdanielle@example.org,(3lrNehtNGmK,PRODUCER
jlewis@example.net,#6S!Etbe#NJe,PRODUCER
etaylor@example.net,eqA&fS$z97QK,PRODUCER
isimpson@example.com,!R#^i4Dn8@9M,PRODUCER
cjohnson@example.com,TNyS%HoNT(*8,PRODUCER
duncanturner@example.org,u@Ep3A@v)m%I,PRODUCER
alisoncartwright@example.org,)8030N4h#No^,PRODUCER
marcdavies@example.net,&%pNAbNJ$Q8z,PRODUCER
mwhite@example.com,x4E@r81tylLP,PRODUCER
oconnorlouise@example.com,w8IPczu_@fiv,PRODUCER
